Model,Step,MAE,R2,MAPE
RandomForest,Step 1,2799537.263134088,0.17419742185494091,28.24572229774721
XGBoost,Step 1,2300809.0,0.3706515056727546,22.204450693397742
GradientBoosting,Step 1,2424267.9638945055,0.3185927075871844,23.462309973984308
LSTM,Step 1,3217165.7828947366,0.052174675732223674,49.56364740139447
RandomForest,Step 2,3891247.7101240293,-1.0633679730696435,74.41323281662056
XGBoost,Step 2,3650906.0234375,-0.8279157906826244,60.89348883932442
GradientBoosting,Step 2,3420661.8225825923,-0.6079316641161268,57.78465242982374
LSTM,Step 2,1243364.394736842,0.7364638777480794,55.38393122783246
